{"cameraMode":{"drawMode":0,"name":"Shaded","section":"Shading Mode"},"sceneLighting":true,"audioPlay":false,"sceneViewState":{"showFog":true,"showMaterialUpdate":false,"showSkybox":true,"showFlares":true,"showImageEffects":true,"showParticleSystems":true},"in2DMode":false,"pivot":{"x":0.355117529630661,"y":0.06599324941635132,"z":0.19345152378082276},"rotation":{"x":-0.24664591252803803,"y":0.10788131505250931,"z":-0.027639910578727723,"w":-0.962690532207489},"size":2.1762101650238039,"orthographic":false}