{"cameraMode":{"drawMode":0,"name":"Shaded","section":"Shading Mode"},"sceneLighting":true,"audioPlay":false,"sceneViewState":{"showFog":true,"showMaterialUpdate":false,"showSkybox":true,"showFlares":true,"showImageEffects":true,"showParticleSystems":true},"in2DMode":false,"pivot":{"x":-0.29727649688720705,"y":-0.753380298614502,"z":-1.3847510814666749},"rotation":{"x":-0.21006980538368226,"y":0.7347065806388855,"z":-0.26180437207221987,"w":-0.5895252823829651},"size":15.032388687133789,"orthographic":false}