{"cameraMode":{"drawMode":0,"name":"Shaded","section":"Shading Mode"},"sceneLighting":true,"audioPlay":false,"sceneViewState":{"showFog":true,"showMaterialUpdate":false,"showSkybox":true,"showFlares":true,"showImageEffects":true,"showParticleSystems":true},"in2DMode":false,"pivot":{"x":0.8575554490089417,"y":-0.5389559268951416,"z":0.006357669830322266},"rotation":{"x":-0.23356764018535615,"y":-0.022753683850169183,"z":0.005466919392347336,"w":-0.9720641374588013},"size":5.776210784912109,"orthographic":false}